7.171875,7.34375,7.109375,7.328125,4.42451,62854400
7.328125,7.421875,7.199219,7.21875,4.358472,72678400
7.34375,7.359375,7,7.1875,4.339606,100259200
7.140625,7.34375,7.09375,7.1875,4.339606,65434400
7.265625,7.296875,7.171875,7.203125,4.349039,17544000
7.203125,7.21875,6.84375,6.875,4.150924,110116800
6.78125,6.875,6.65625,6.765625,4.084887,137448000
6.976563,7.140625,6.796875,7.109375,4.292436,83769600
7.140625,7.1875,6.90625,7.078125,4.273566,70219200
7.078125,7.09375,6.669922,6.671875,4.028286,106633600
6.734375,6.984375,6.5,6.96875,4.20753,150692800
6.367188,6.578125,6.226563,6.25,3.773568,546630400
6.34375,6.453125,6.28125,6.375,3.84904,132712000
6.421875,6.453125,6.328125,6.421875,3.877343,128462400
6.421875,6.564453,6.375,6.5,3.924512,106812800
6.53125,6.609375,6.53125,6.585938,3.976398,69244800
6.671875,6.875,6.625,6.84375,4.132057,94037600
6.9375,7.109375,6.796875,6.828125,4.122624,115267200
6.765625,6.875,6.703125,6.875,4.150924,66812800
6.9375,6.9375,6.78125,6.804688,4.108474,39158400
6.8125,6.84375,6.71875,6.765625,4.087892,43040000
6.796875,6.929688,6.71875,6.904297,4.17168,72689600
6.875,7.0625,6.857422,7.03125,4.248386,66874400
7.046875,7.140625,7,7.09375,4.28615,51456000
7.140625,7.3125,7.109375,7.3125,4.41832,67600800
7.359375,7.5,7.296875,7.4375,4.49385,85640000
7.390625,7.445313,7.1875,7.28125,4.399439,70611200
7.265625,7.283203,7.125,7.234375,4.371114,48796800
7.234375,7.328125,7.171875,7.25,4.380557,50028800
7.25,7.375,7.25,7.279297,4.39826,46727200
7.0625,7.234375,7,7.140625,4.314472,77997600
7.140625,7.25,7.109375,7.25,4.380557,49426400
7.21875,7.28125,7.171875,7.1875,4.342796,48066400
7.21875,7.34375,7.15625,7.195313,4.347515,48668000
7.15625,7.3125,7.140625,7.234375,4.371114,41164800
7.28125,7.40625,7.21875,7.40625,4.474967,48394400
7.4375,7.65625,7.390625,7.625,4.607139,89480800
7.640625,7.703125,7.529297,7.601563,4.592978,57186400
7.59375,7.640625,7.5,7.546875,4.559932,35695200
7.546875,7.59375,7.5,7.53125,4.550492,36168000
7.5625,7.6875,7.5625,7.59375,4.588259,42570400
7.5,7.515625,7.34375,7.351563,4.441923,73402400
7.203125,7.21875,6.875,7.007813,4.234226,145034400
7.015625,7.03125,6.84375,6.859375,4.144537,70285600
6.875,6.984375,6.84375,6.921875,4.182301,59856800
6.890625,6.953125,6.648438,6.65625,4.021807,67897600
6.671875,6.71875,6.59375,6.640625,4.012364,74715200
6.453125,6.765625,6.4375,6.6875,4.040688,111921600
6.75,6.921875,6.732422,6.90625,4.17286,75256000
6.890625,6.90625,6.757813,6.859375,4.144537,48633600
6.953125,7.109375,6.859375,7.015625,4.238945,69127200
7.0625,7.171875,7.015625,7.015625,4.238945,57525600
7.0625,7.390625,7.03125,7.359375,4.446644,87536800
7.46875,7.53125,7.416016,7.4375,4.49385,62223200
7.476563,7.484375,7.296875,7.34375,4.437203,44320000
7.234375,7.28125,6.890625,6.9375,4.191739,118391200
6.953125,7.0625,6.890625,6.984375,4.220063,47616800
7.03125,7.0625,6.9375,7.015625,4.238945,30303200
7.046875,7.09375,6.84375,6.861328,4.145717,45829600
6.8125,7.046875,6.765625,7.015625,4.238945,49976800
7.046875,7.171875,7.015625,7.078125,4.276708,51588800
7.046875,7.171875,7.023438,7.046875,4.257825,32305600
7.091797,7.171875,7.03125,7.109375,4.295591,36318400
7.140625,7.1875,7.078125,7.140625,4.314472,28519200
7.140625,7.15625,7.078125,7.109375,4.295591,17644800
7.09375,7.234375,7.046875,7.203125,4.352234,33368800
7.21875,7.421875,7.171875,7.40625,4.474967,72766400
7.296875,7.609375,7.28125,7.578125,4.578817,115408800
7.6875,7.765625,7.578125,7.734375,4.673228,115986400
7.671875,7.890625,7.65625,7.71875,4.663783,131409600
7.671875,7.75,7.484375,7.554688,4.564657,105884000
7.546875,7.5625,7.4375,7.453125,4.50329,48440800
7.46875,7.609375,7.453125,7.578125,4.578817,42540800
8,8.125,7.96875,8.109375,4.899805,191147200
8.078125,8.121094,7.966797,8.023438,4.847881,70596000
8.046875,8.234375,8.03125,8.21875,4.965892,73107200
8.3125,8.3125,8.140625,8.15625,4.928129,62551200
8.203125,8.46875,8.203125,8.46875,5.116944,83480800
8.439453,8.515625,8.34375,8.513672,5.144087,63572000
8.625,8.796875,8.5,8.78125,5.305763,163722400
8.75,8.75,8.59375,8.703125,5.258559,77232800
8.703125,8.796875,8.625,8.65625,5.230233,73344800
8.609375,8.625,8.484375,8.515625,5.148242,35319200
8.484375,8.5,8.404297,8.46875,5.119902,46836800
8.421875,8.617188,8.40625,8.484375,5.129347,52056800
8.484375,8.609375,8.46875,8.5,5.138796,63019200
8.53125,8.671875,8.5,8.585938,5.190749,61840800
8.578125,8.625,8.484375,8.59375,5.195472,40720800
8.609375,8.65625,8.46875,8.484375,5.129347,42147200
8.453125,8.625,8.3125,8.59375,5.195472,64528800
8.609375,8.703125,8.546875,8.578125,5.186027,50893600
8.65625,8.6875,8.609375,8.640625,5.223812,48227200
8.640625,8.96875,8.625,8.96875,5.422184,76656800
9,9.1875,8.984375,9.109375,5.507202,114499200
9.078125,9.203125,9.03125,9.046875,5.469416,60852000
8.96875,9.03125,8.90625,8.984375,5.431632,40033600
9.03125,9.046875,8.875,8.890625,5.374955,40084000
8.921875,8.96875,8.859375,8.875,5.365506,33077600
8.875,8.90625,8.765625,8.78125,5.30883,39953600
8.71875,8.765625,8.640625,8.734375,5.280489,45796800
8.765625,8.96875,8.703125,8.859375,5.356057,45295200
8.859375,8.921875,8.828125,8.875,5.365506,33536800
8.890625,9.125,8.890625,9.0625,5.478862,53196800
9.078125,9.125,8.90625,8.921875,5.393845,59422400
8.921875,8.953125,8.84375,8.9375,5.403293,61696800
9.234375,9.453125,9.207031,9.4375,5.705573,145089600
9.390625,9.625,9.34375,9.578125,5.79059,69614400
9.625,9.6875,9.484375,9.539063,5.766976,56274400
9.5,9.625,9.453125,9.609375,5.809484,35413600
9.65625,9.6875,9.390625,9.40625,5.686681,51574400
9.220703,9.4375,9.1875,9.40625,5.686681,70562400
9.40625,9.40625,9.265625,9.265625,5.601664,36408000
9.296875,9.484375,9.25,9.40625,5.686681,42351200
9.546875,9.71875,9.484375,9.59375,5.800037,66422400
9.59375,9.59375,9.34375,9.375,5.667788,62036000
9.359375,9.375,9.09375,9.125,5.516646,61307200
9.140625,9.15625,8.90625,9,5.441079,70758400
9,9.015625,8.78125,8.796875,5.318274,60051200
8.84375,8.96875,8.796875,8.921875,5.393845,71435200
8.9375,8.984375,8.78125,8.890625,5.374955,73817600
8.921875,8.953125,8.796875,8.921875,5.393845,54253600
8.921875,9.28125,8.90625,9.201172,5.562702,57836800
9.25,9.3125,9.015625,9.109375,5.507202,34814400
9.125,9.125,8.890625,9.0625,5.478862,59177600
9.046875,9.25,8.945313,9.234375,5.582773,46257600
9.265625,9.296875,9.15625,9.179688,5.549711,32252800
9.21875,9.421875,9.171875,9.390625,5.677236,35018400
9.359375,9.486328,9.3125,9.34375,5.648897,51651200
9.328125,9.375,9.203125,9.359375,5.658346,60736000
9.125,9.3125,9,9.015625,5.450523,39507200
9.03125,9.3125,9,9.125,5.516646,65053600
9.234375,9.28125,9.140625,9.171875,5.544987,35956800
9.125,9.140625,8.9375,9.109375,5.507202,91695200
8.953125,9,8.578125,8.6875,5.252151,145704000
8.859375,8.972656,8.765625,8.90625,5.3844,141623200
8.8125,8.859375,8.578125,8.640625,5.223812,97682400
8.578125,8.765625,8.015625,8.75,5.289938,200755200
9.25,9.28125,8.84375,8.953125,5.412737,199531200
9.015625,9.09375,8.90625,9.0625,5.478862,80169600
9.03125,9.171875,8.953125,9.09375,5.497753,76216000
9.078125,9.09375,8.919922,9.03125,5.459969,52232000
9.09375,9.09375,8.625,8.6875,5.252151,105624000
8.296875,8.78125,8.251953,8.625,5.214365,133832000
8.830078,9.03125,8.71875,9.015625,5.450523,74887200
9.078125,9.296875,9.046875,9.28125,5.611112,82870400
9.25,9.390625,9.109375,9.109375,5.507202,70988800
9.203125,9.328125,9.132813,9.296875,5.624448,58967200
9.314453,9.421875,9.265625,9.390625,5.681165,64205600
9.421875,9.628906,9.359375,9.625,5.822957,81130400
9.75,9.890625,9.732422,9.84375,5.955294,107475200
9.84375,9.953125,9.765625,9.765625,5.908031,60604800
9.71875,9.984375,9.6875,9.984375,6.040372,64801600
10.03125,10.328125,10,10.294922,6.228249,109771200
10.21875,10.267578,10.0625,10.09375,6.106543,86504800
9.984375,10.328125,9.9375,10.296875,6.229428,121416800
10.265625,10.40625,10.15625,10.265625,6.210523,53275200
10.171875,10.234375,9.9375,10.03125,6.068731,60300000
10.078125,10.25,10.0625,10.21875,6.182165,50572800
10.203125,10.28125,10.15625,10.21875,6.182165,30832000
10.203125,10.265625,10.109375,10.125,6.12545,44319200
10.09375,10.140625,9.96875,10.09375,6.106543,30192000
10.09375,10.109375,9.9375,9.9375,6.012015,33337600
9.84375,10.03125,9.8125,10.03125,6.068731,45863200
10.109375,10.375,10.078125,10.375,6.276697,58090400
10.328125,10.390625,10.195313,10.203125,6.172715,32100800
10.171875,10.1875,10.0625,10.15625,6.144352,32749600
10.171875,10.203125,10.03125,10.1875,6.16326,41030400
10.21875,10.28125,10.140625,10.15625,6.144352,32015200
10.140625,10.234375,10.109375,10.171875,6.15381,37079200
10.15625,10.1875,9.96875,9.976563,6.035644,26062400
9.890625,10.234375,9.8125,10.203125,6.172715,50458400
10.21875,10.3125,10.171875,10.28125,6.219977,39469600
10.203125,10.25,10.046875,10.078125,6.09709,54436000
10.171875,10.265625,10.0625,10.15625,6.144352,39244000
10.171875,10.453125,10.15625,10.4375,6.314507,56342400
10.421875,10.564453,10.34375,10.539063,6.375952,77851200
10.484375,10.640625,10.46875,10.625,6.42794,46831200
10.65625,10.703125,10.578125,10.671875,6.456299,49197600
10.820313,11.060547,10.6875,11.015625,6.664257,82940000
11.015625,11.171875,10.953125,11.078125,6.702074,70357600
11.8125,11.875,11.546875,11.78125,7.127454,152990400
11.859375,12.1875,11.671875,11.953125,7.231431,103812000
11.90625,12.1875,11.875,12.125,7.335411,66176000
12.140625,12.265625,12,12.171875,7.363774,81262400
12.078125,12.125,11.90625,11.96875,7.240883,48962400
12.015625,12.21875,12.015625,12.0625,7.297604,63469600
12.140625,12.1875,12.03125,12.15625,7.354321,46242400
12.203125,12.4375,12.0625,12.171875,7.363774,82620800
12.21875,12.21875,12.0625,12.109375,7.325959,33680000
12.09375,12.125,11.90625,11.929688,7.217258,42668000
11.828125,12.015625,11.78125,11.96875,7.240883,55946400
12,12.421875,11.984375,12.375,7.486659,71916800
12.359375,12.53125,12.265625,12.4375,7.524472,71356000
12.59375,12.71875,12.5,12.710938,7.689897,44334400
12.71875,13.125,12.71875,13.046875,7.893134,52123200
13.1875,13.375,12.671875,12.703125,7.685169,112148800
12.96875,13,12.59375,12.609375,7.628453,105073600
12.40625,12.734375,12.390625,12.484375,7.552832,67277600
12.828125,13.171875,12.8125,13.171875,7.968752,88411200
13.328125,13.53125,13.203125,13.453125,8.138908,89480800
14.265625,14.28125,13.716797,13.890625,8.403584,160209600
13.8125,14.123047,13.628906,14.078125,8.517023,87092000
14.15625,14.234375,13.84375,13.84375,8.375228,67586400
13.84375,13.84375,13.65625,13.75,8.318512,62257600
13.703125,13.904297,13.390625,13.46875,8.148357,66499200
13.375,13.46875,13.09375,13.1875,7.978209,97193600
13.15625,13.6875,13.09375,13.671875,8.271246,83144800
13.734375,13.90625,13.4375,13.4375,8.129454,69354400
13.40625,13.671875,13.171875,13.171875,7.968752,56904800
13.234375,13.4375,13.203125,13.25,8.016018,61611200
13.328125,13.40625,12.96875,13.046875,7.893134,77648000
13.109375,13.421875,13.09375,13.34375,8.076639,69940000
13.40625,13.765625,13.390625,13.734375,8.313073,66129600
13.734375,13.734375,13.5,13.59375,8.227957,61486400
13.609375,13.84375,13.546875,13.796875,8.350902,46838400
13.796875,14.296875,13.796875,14.25,8.625167,82406400
14.25,14.921875,14.15625,14.859375,8.994009,111770400
15,15.59375,14.84375,15.265625,9.239897,129250400
15.234375,15.375,15.046875,15.28125,9.249354,69125600
15.25,15.5,15.15625,15.484375,9.372303,49158400
15.625,15.640625,15.015625,15.125,9.154782,98851200
15.140625,15.171875,14.814453,14.9375,9.041294,72973600
14.828125,15.15625,14.765625,14.984375,9.069666,77549600
15.03125,15.03125,14.421875,14.484375,8.767029,121340000
14.53125,14.625,14.203125,14.421875,8.729198,98204800
14.390625,15.125,14.375,15.09375,9.135861,89967200
15.171875,15.5625,15.080078,15.109375,9.145323,99407200
15.21875,15.234375,14.71875,14.859375,8.994009,95869600
14.96875,15.328125,14.90625,15.3125,9.26827,76026400
15.234375,15.328125,14.921875,15.1875,9.192614,62263200
15.234375,15.5625,14.9375,15.46875,9.362847,124950400
15.546875,15.90625,15.4375,15.828125,9.580364,85092800
15.859375,15.90625,15.828125,15.859375,9.599279,19584800
15.75,15.9375,15.546875,15.890625,9.618197,62268000
15.921875,16.171875,15.703125,15.734375,9.523622,75824000
15.875,16.203125,15.734375,16.1875,9.797888,97301600
16.296875,16.296875,15.90625,16.03125,9.703311,82200800
15.5625,15.953125,15.421875,15.710938,9.509437,104533600
15.71875,16.265625,15.71875,16.265625,9.84517,59799200
16.59375,16.671875,16.125,16.140625,9.76951,86302400
16.09375,17.125,16,17.109375,10.355876,168052000
17.640625,17.6875,17.09375,17.109375,10.355876,151984800
17.078125,17.140625,16.5,16.546875,10.015407,125048800
16.671875,16.734375,15.859375,15.90625,9.62765,118759200
15.828125,16.359375,15.796875,16.25,9.83572,119589600
16.53125,16.984375,16.40625,16.96875,10.270756,85812000
17.171875,17.359375,17,17.1875,10.403159,89845600
17.25,17.25,16.78125,16.828125,10.185643,107156000
16.859375,16.859375,16.515625,16.53125,10.00595,57603200
16.546875,16.953125,16.359375,16.9375,10.251841,34854400
16.984375,17.28125,16.890625,17.078125,10.336956,49676800
17.140625,17.15625,16.859375,16.921875,10.242384,33370400
17.015625,17.078125,16.65625,16.65625,10.081606,45784000
16.671875,16.75,16.34375,16.367188,9.906647,51322400
16.46875,16.5,15.953125,16.296875,9.864094,97639200
16.625,17.3125,16.578125,17.296875,10.469363,95648000
17.390625,17.71875,17.21875,17.359375,10.507192,120549600
17.320313,17.9375,17.125,17.921875,10.847659,96153600
18,18.203125,17.720703,17.78125,10.762544,125510400
17.921875,18,17.71875,17.875,10.819289,77420000
17.765625,18.09375,17.6875,18.0625,10.932773,111907200
18.21875,18.470703,18,18.359375,11.11247,116600000
18.484375,18.71875,18.3125,18.390625,11.13138,113872800
18.4375,18.484375,17.6875,17.75,10.743625,227419200
17.96875,18.25,17.757813,17.796875,10.771999,133381600
17.75,18.171875,17.75,18.007813,10.899673,97962400
18.046875,18.242188,17.998047,18.15625,10.989523,58668800
18.140625,18.546875,18.109375,18.507813,11.202308,64573600
18.5625,19.03125,18.34375,19.015625,11.509678,88490400
19.15625,19.484375,18.953125,18.96875,11.481308,99123200
19,19.328125,18.796875,18.8125,11.386731,114352000
18.861328,19.03125,18.65625,18.765625,11.358362,69532000
19.078125,19.21875,18.71875,18.875,11.424562,58843200
19.0625,19.34375,18.9375,19.34375,11.712198,74363200
19.578125,20.03125,19.46875,20.015625,12.11899,88168000
20.078125,20.5,20.03125,20.28125,12.279831,100647200
20.4375,20.625,20.25,20.484375,12.402822,77328000
20.53125,20.609375,20.296875,20.59375,12.469035,89346400
20.359375,20.375,19.375,19.65625,11.901405,187991200
19.609375,19.671875,18.84375,19.140625,11.589207,180376800
19.40625,19.65625,19.28125,19.546875,11.835176,117951200
19.71875,19.828125,18.873047,18.953125,11.475678,126322400
19.265625,19.34375,18.3125,18.96875,11.485142,151842400
18.96875,19.625,18.8125,19.59375,11.863558,112742400
19.75,19.875,19.5,19.625,11.882483,96499200
19.515625,19.625,19.1875,19.3125,11.693274,69313600
19.28125,19.390625,19.015625,19.328125,11.702735,60033600
19.265625,19.46875,19.15625,19.234375,11.645969,55190400
19.03125,19.125,18.669922,18.734375,11.343231,128985600
18.6875,18.705078,18.171875,18.296875,11.078336,127490400
17.984375,18.6875,17.78125,18.640625,11.286471,131964800
18.84375,18.921875,18.4375,18.609375,11.267546,99163200
18.5625,18.59375,18.09375,18.296875,11.078336,94690400
18.265625,18.28125,17.453125,17.466797,10.575747,101312000
17.4375,18.078125,17.125,17.734375,10.73775,149775200
17.640625,18.25,17.5625,18.234375,11.040491,82524000
18.328125,18.703125,18.25,18.296875,11.078336,120270400
18.5,18.703125,18.453125,18.6875,11.31485,99617600
18.6875,18.78125,18.140625,18.171875,11.002653,115592000
18.3125,18.5,17.8125,17.9375,10.860742,86213600
17.90625,18.21875,17.6875,18.09375,10.955349,82115200
18.078125,18.265625,17.9375,17.984375,10.889121,80986400
17.890625,17.984375,17.5,17.84375,10.803979,98388000
17.703125,17.9375,17.5,17.65625,10.690452,90898400
17.765625,17.90625,17.1875,17.234375,10.435016,81598400
17.015625,17.09375,16.421875,17.046875,10.32149,161466400
17.15625,17.25,16.859375,17.09375,10.349872,95223200
16.9375,17,16.5,16.671875,10.094437,134926400
16.703125,16.90625,16.40625,16.65625,10.084973,107778400
16.703125,16.773438,16.296875,16.3125,9.876841,82396800
16.203125,16.390625,15.71875,16.328125,9.8863,169920800
16.40625,16.875,16.25,16.65625,10.084973,115583200
16.84375,17.59375,16.78125,17.578125,10.643151,127732800
17.8125,17.984375,17.15625,17.390625,10.52962,140616000
17.34375,17.53125,17.125,17.390625,10.52962,107790400
17.203125,17.46875,17.171875,17.414063,10.543811,90782400
17.359375,17.421875,17.0625,17.125,10.368794,102557600
17.03125,17.625,17.015625,17.578125,10.643151,102904800
17.484375,18.171875,17.453125,18.125,10.974264,125324800
18.25,18.640625,18.117188,18.140625,10.983731,98964000
18.1875,18.34375,18.046875,18.326172,11.096078,84747200
18.4375,18.53125,17.75,17.78125,10.766138,81705600
17.84375,17.84375,17.126953,17.15625,10.387712,123181600
16.90625,16.90625,16.21875,16.3125,9.876841,192564000
16.515625,16.734375,16.304688,16.71875,10.122815,154790400
16.515625,16.6875,16.03125,16.375,9.914684,199704800
16.375,16.8125,16.359375,16.75,10.141741,100414400
16.90625,17.367188,16.8125,17.25,10.444478,130948000
17.546875,17.546875,17.125,17.140625,10.37825,106872000
17.125,17.517578,17.03125,17.296875,10.472858,89620000
17.328125,17.65625,17.1875,17.609375,10.662069,81165600
17.65625,18.328125,17.609375,18.28125,11.068876,121205600
18.53125,18.640625,18.265625,18.265625,11.059414,118114400
18.03125,18.234375,17.984375,17.984375,10.889121,79637600
18.03125,18.375,17.90625,18.296875,11.078336,80194400
18.640625,18.765625,18.5,18.75,11.356601,84341600
18.6875,19.1875,18.671875,19.140625,11.593196,122580000
19.171875,19.359375,18.984375,19.21875,11.640516,96868000
19.34375,19.703125,19.25,19.703125,11.933901,77264000
19.8125,20.3125,19.695313,20.3125,12.302987,104702400
20.078125,20.125,19.671875,19.75,11.96229,103409600
19.5,20,19.46875,19.484375,11.801399,81708000
19.390625,20.044922,19.375,19.84375,12.019071,99770400
20.109375,20.1875,19.71875,19.9375,12.075856,93159200
20.015625,20.0625,19.765625,19.890625,12.047464,68047200
19.75,19.8125,18.875,19.046875,11.536417,153694400
18.6875,19.109375,18.265625,19.09375,11.564811,192022400
19.203125,19.828125,19.109375,19.765625,11.971754,92104800
19.59375,19.757813,19.375,19.390625,11.74462,85354400
19.40625,19.59375,19.125,19.34375,11.71623,53624000
19.4375,20.140625,19.4375,20.125,12.189419,94090400
20.4375,20.640625,20.25,20.3125,12.302987,105252800
20.34375,20.46875,19.96875,20.171875,12.217813,71460000
20.34375,20.5,20.1875,20.398438,12.355036,43351200
20.421875,21.171875,20.3125,21.164063,12.818767,106044800
21.210938,21.21875,20.6875,20.890625,12.653152,110245600
20.921875,20.935547,20.359375,20.470703,12.398807,93404800
17.8125,19.203125,17.5,18.9375,11.47017,459014400
19.25,19.328125,18.640625,18.71875,11.337678,186443200
18.5625,18.5625,18.103516,18.125,10.978047,178820800
18.21875,18.5,17.65625,17.8125,10.788775,173323200
18.046875,18.185547,17.828125,17.892578,10.837274,112872000
17.984375,18.359375,17.875,18.25,11.053759,85673600
18.484375,18.71875,18.484375,18.65625,11.299822,95966400
18.554688,18.625,18.078125,18.148438,10.992243,109618400
18.15625,18.484375,17.765625,18.4375,11.167319,104075200
17.875,18.1875,17.75,17.957031,10.876314,147144800
17.984375,18.375,17.78125,18.09375,10.959118,120024800
18.203125,18.421875,18.078125,18.40625,11.148399,54288800
18.414063,18.765625,18.3125,18.710938,11.332945,84719200
18.429688,18.5625,18.257813,18.320313,11.096348,77522400
18.3125,18.4375,18.09375,18.304688,11.086884,67169600
18.296875,18.585938,18.25,18.34375,11.110544,70870400
18.25,18.40625,18.140625,18.148438,10.992243,55217600
18.3125,18.570313,18.148438,18.5,11.205178,59868800
18.59375,18.609375,18.234375,18.335938,11.105814,71621600
18.171875,18.328125,17.953125,17.960938,10.878681,89320800
18.125,18.140625,17.75,17.78125,10.769849,83198400
17.828125,17.945313,17.59375,17.726563,10.736718,73996800
17.75,17.765625,17.328125,17.382813,10.528516,120094400
17.5,17.890625,17.375,17.875,10.826631,126900000
18.078125,18.164063,17.875,18.117188,10.973312,69645600
18.210938,18.625,18.171875,18.421875,11.157862,81052800
18.476563,18.796875,18.28125,18.703125,11.32821,88640800
18.875,19.320313,18.875,19.078125,11.555344,134427200
19.0625,19.1875,18.71875,18.765625,11.36607,104671200
18.8125,19.25,18.734375,19.226563,11.645247,88641600
19.3125,19.746094,19.1875,19.6875,11.924427,91014800
20.1875,20.484375,19.921875,20.226563,12.250937,137650400
21.59375,22.21875,21.1875,22.09375,13.381866,188827600
22.0625,22.421875,21.53125,21.953125,13.296688,102946400
21.6875,21.90625,21.1875,21.609375,13.088486,89768400
21.546875,21.625,21.140625,21.421875,12.974917,57112400
21.390625,22.234375,21.347656,22.1875,13.438646,63344000
22.40625,22.6875,22.25,22.328125,13.523812,66578000
22.25,22.65625,22.09375,22.4375,13.590059,48846000
22.4375,22.78125,22.09375,22.296875,13.504889,49560000
22.3125,22.4375,21.984375,22.140625,13.410254,31066400
21.90625,22.125,21.71875,22.03125,13.344005,38321200
21.875,22.59375,21.8125,22.34375,13.537883,42040800
22.546875,23.03125,22.296875,22.953125,13.907112,71150800
23.1875,23.578125,22.625,23.40625,14.181652,87386800
23.375,24.25,23.21875,24.1875,14.655009,69578400
24.421875,25.03125,24.21875,24.921875,15.099956,86284400
25.078125,25.5,24.609375,25.015625,15.156758,74238000
25.375,25.453125,25,25.015625,15.156758,62813600
24.59375,24.941406,23.96875,24.453125,14.815946,83373600
24.3125,24.46875,23.4375,24.03125,14.56034,73399600
24.28125,24.65625,23.75,23.828125,14.437263,47946800
24.3125,24.53125,23.5625,24.09375,14.598202,63879200
24.21875,24.3125,23.765625,23.96875,14.522469,48156400
23.84375,23.9375,23,23.03125,13.954438,66631600
22.9375,23.6875,22.46875,23.640625,14.323655,80085600
24,24.5625,23.839844,24.476563,14.830154,68073600
24.625,25.1875,24.34375,25.125,15.22303,62654800
25.21875,25.21875,24.421875,24.59375,14.901146,62813200
22.9375,24.0625,22.921875,24.046875,14.5698,120192400
23.890625,24.15625,23.375,23.546875,14.266861,65676400
23.375,23.5625,23.140625,23.171875,14.039647,46042800
23.015625,23.53125,22.96875,23.515625,14.247923,44534400
23.09375,23.5625,22.765625,23.09375,13.992305,58621600
22.9375,23.34375,22.875,23.03125,13.954438,38895600
23.28125,23.875,23.25,23.765625,14.399393,50916400
23.75,24,23.4375,23.453125,14.210054,46066400
23.4375,23.96875,23.375,23.65625,14.333127,46934400
23.9375,24.0625,23.59375,23.640625,14.323655,39409200
23.921875,24.203125,23.8125,23.984375,14.53194,40360400
24.046875,24.453125,24,24.4375,14.806477,56717600
24.34375,24.542969,23.875,23.875,14.46566,55259200
23.71875,24,23.3125,23.8125,14.427796,51296000
23.546875,23.6875,23.375,23.5625,14.276326,42529600
23.546875,23.859375,23,23.015625,13.944975,33224000
23.25,24.09375,23.125,23.953125,14.512997,59700400
24.28125,24.4375,23.75,23.914063,14.489333,70784000
24.015625,24.375,23.71875,23.75,14.389929,37023200
23.8125,23.90625,23.703125,23.859375,14.456198,45282400
23.890625,24.421875,23.84375,24.09375,14.598202,43994000
24.21875,24.8125,24.15625,24.78125,15.01475,57432000
24.75,24.78125,23.84375,23.90625,14.484594,60664800
23.6875,24.046875,23.25,23.28125,14.105919,54458400
23.53125,23.53125,23.21875,23.265625,14.096448,52354800
23.421875,24,23.34375,23.84375,14.446729,27963200
23.71875,23.75,23.0625,23.078125,13.982841,62021200
23.1875,23.34375,22.65625,23.3125,14.124856,74075600
23.390625,23.453125,22.921875,23.28125,14.105919,28330400
23.6875,23.6875,23.0625,23.328125,14.134317,43604000
23.53125,23.6875,23.296875,23.375,14.162719,39713600
23.53125,23.90625,23.40625,23.8125,14.427796,42537600
23.625,23.75,23.390625,23.640625,14.323655,48621600
23.53125,23.8125,23.40625,23.671875,14.34259,42205600
23.53125,23.558594,23.25,23.25,14.086983,39668000
23.375,23.40625,22.9375,23.140625,14.020708,46409600
23.15625,23.25,22.515625,22.953125,13.907112,87709200
21.390625,21.8125,21.375,21.671875,13.130806,265154400
21.875,21.890625,21.15625,21.34375,12.932005,90182000
21.15625,21.28125,20.46875,20.75,12.572259,98338400
21.0625,21.28125,20.78125,21.015625,12.73319,74026800
21.484375,21.484375,21.21875,21.28125,12.894136,60264800
21.46875,21.53125,20.96875,20.984375,12.714257,50656400
20.5,20.90625,20.1875,20.46875,12.401846,93489600
20.8125,20.875,19.5625,20,12.117841,122778800
19.660156,19.9375,18.484375,18.6875,11.322598,105164000
19.921875,21.6875,17.3125,21.25,12.8752,207800400
20.78125,20.8125,19.8125,20.0625,12.159995,131943200
19.4375,19.75,18.90625,18.9375,11.478128,106263200
19.5625,19.59375,19.0625,19.25,11.667536,87862000
19.609375,19.75,19.402344,19.625,11.894825,66579600
19.65625,19.875,18.78125,18.984375,11.506535,99530800
19.25,19.25,18.59375,18.65625,11.30766,101704800
18.734375,18.734375,18.234375,18.375,11.137192,91430800
18.078125,19.5,18.003906,19.359375,11.733828,159223600
19.328125,19.5625,18.722656,18.78125,11.383419,79038800
18.78125,19.34375,18.75,19.0625,11.553887,41917600
18.96875,19.5,18.6875,18.734375,11.355012,80271200
19.015625,19.5,18.6875,19.484375,11.809591,71534400
19.578125,19.78125,19.21875,19.6875,11.932699,51246800
20,20.28125,19.875,20.109375,12.188406,56116800
20.0625,20.15625,19.640625,19.6875,11.932699,44351600
19.65625,19.953125,19.546875,19.765625,11.980062,43050000
19.875,20.34375,19.6875,20.21875,12.254702,53910800
20.4375,20.4375,19.921875,20.0625,12.159995,57960800
19.921875,20.21875,19.53125,19.53125,11.837996,56716000
19.515625,19.53125,19,19.109375,11.582301,70640800
19.203125,19.375,19.09375,19.15625,11.610712,33229600
19.21875,19.46875,19.0625,19.40625,11.762235,13943200
19.625,20.4375,19.546875,20.375,12.349401,69122000
20.234375,20.25,19.285156,19.515625,11.828528,68329600
19.4375,19.796875,19.03125,19.625,11.894825,55119600
19.75,19.78125,19,19.171875,11.620184,82224000
19.15625,19.5625,19.09375,19.390625,11.752767,53776400
19.53125,19.796875,19.390625,19.609375,11.88535,40209600
19.5,19.65625,18.863281,18.90625,11.459185,64254800
18.765625,18.875,18.21875,18.671875,11.317139,81685200
18.265625,18.4375,17.9375,17.953125,10.881488,90031600
18.0625,18.1875,17.515625,17.625,10.682609,78581200
17.5625,18.453125,17.28125,18.03125,10.928843,108536400
18.21875,18.421875,17.625,17.796875,10.786788,61343200
18.109375,18.15625,17.328125,17.375,10.531089,77272800
17.46875,17.5,16.96875,17.28125,10.474263,93845600
17,17.53125,16.84375,17.5,10.606852,109067600
18.1875,18.359375,17.75,17.859375,10.824676,75592000
17.859375,18.183594,17.503906,17.546875,10.63526,44389200
17.765625,17.835938,17.472656,17.5625,10.644733,22021600
17.59375,17.765625,17.5,17.71875,10.73943,14815600
17.90625,17.96875,17.5625,17.703125,10.729966,40644000
17.78125,18.03125,17.765625,17.921875,10.862548,41157200
17.9375,17.953125,17.53125,17.5625,10.644733,42123600
17.671875,18.15625,17.625,18.15625,11.004604,40927200
18.265625,18.785156,18,18.625,11.288718,78368400
18.46875,18.578125,18.171875,18.28125,11.080369,48313600
18.1875,18.40625,17.890625,18.1875,11.023548,55380800
18.0625,18.703125,18.03125,18.578125,11.260302,75730400
18.640625,18.75,17.808594,17.96875,10.890962,88028800
17.703125,18.921875,17.671875,18.90625,11.459185,123747600
19.09375,19.3125,19.0625,19.234375,11.658065,97348000
19.25,19.265625,18.59375,18.859375,11.430779,123962000
18.71875,19.09375,18.65625,18.828125,11.411832,53458400
18.953125,18.96875,18.65625,18.703125,11.336067,59281200
18.78125,19.078125,18.71875,19.0625,11.553887,49972000
18.859375,19.421875,18.84375,19.171875,11.620184,69415200
19,19.375,18.984375,19.125,11.591769,49898000
19.21875,19.46875,19.125,19.296875,11.695946,56184800
19.25,19.5,19.25,19.421875,11.771707,44695200
19.46875,19.890625,19.34375,19.796875,11.998999,58713200
19.9375,20.359375,19.875,20.21875,12.259348,67063600
20.078125,20.71875,20.0625,20.5,12.429875,72366400
20.625,20.6875,20.21875,20.25,12.278289,45384000
20.625,20.902344,20.546875,20.765625,12.59093,62426000
21,21.78125,20.90625,21.578125,13.08358,99884400
21.53125,22.078125,21.40625,21.890625,13.273058,75391600
22.1875,22.515625,21.53125,21.625,13.112002,97320800
21.4375,22,21.40625,21.886719,13.270693,52042800
21.859375,21.96875,21.359375,21.453125,13.007784,45804400
21.359375,21.953125,21.265625,21.5625,13.074108,59575200
21.421875,21.515625,21.0625,21.265625,12.894094,64918000
20.96875,21.3125,20.6875,21.25,12.884626,70388800
21.09375,21.234375,20.953125,20.953125,12.704619,39093600
21.15625,21.234375,20.984375,21.15625,12.827777,41481600
21.09375,21.75,21.0625,21.734375,13.178317,65802800
22.25,22.78125,22.03125,22.640625,13.727812,136295200
22.8125,23.09375,22.625,22.953125,13.91729,98482000
23.25,23.65625,23.09375,23.546875,14.277301,68921200
23.53125,23.90625,23.0625,23.09375,14.002547,75785200
23.171875,23.59375,23.15625,23.5,14.248882,49980000
23.4375,23.515625,23.0625,23.078125,13.993077,55918800
22.984375,23.09375,22.375,22.421875,13.595165,73563600
22.453125,22.84375,21.875,21.90625,13.282533,71733600
21.484375,21.578125,21.03125,21.328125,12.931999,116639200
21.234375,21.734375,21.203125,21.609375,13.102528,54200000
18.765625,19.34375,18.75,18.890625,11.454056,369330400
19.34375,19.5625,19.03125,19.53125,11.842485,128355600
19.5625,19.59375,18.734375,18.765625,11.378259,107076800
19.125,19.125,18.734375,18.875,11.444576,68406000
19.140625,19.15625,18.765625,18.96875,11.501421,56479200
19.03125,19.171875,18.828125,19.09375,11.57722,39483600
19.25,19.375,19.140625,19.15625,11.615108,33584400
19.265625,19.46875,19.25,19.421875,11.776167,36159600
19.375,19.421875,18.90625,19.1875,11.63406,55440400
18.984375,19.359375,18.96875,19.25,11.671961,32528000
19.34375,19.484375,19.1875,19.328125,11.719327,34558000
19.375,19.375,18.828125,18.9375,11.48248,64090800
18.875,18.875,18.609375,18.765625,11.378259,73635600
18.796875,18.96875,18.5,18.609375,11.283519,62888800
18.96875,19.109375,18.8125,19.015625,11.529846,66587600
19.234375,19.5625,19.1875,19.546875,11.851962,55606400
19.578125,19.890625,19.5625,19.71875,11.956179,72785200
19.65625,19.6875,19.28125,19.34375,11.7288,44500400
19.171875,19.5625,19.15625,19.515625,11.833015,57452000
19.375,19.484375,19.109375,19.375,11.747745,60100800
19.234375,19.375,19.015625,19.09375,11.57722,44330800
19.15625,19.46875,19.03125,19.1875,11.63406,74411200
19.046875,19.0625,18.46875,18.46875,11.198259,71554000
18.5,18.59375,18.03125,18.15625,11.008775,73555200
18.25,18.359375,17.828125,18.140625,10.999299,80134000
18.53125,18.671875,18.359375,18.4375,11.179305,58564000
18.46875,19.125,18.375,19.0625,11.558263,63446000
18.90625,19.234375,18.765625,19,11.520375,69982000
19.546875,19.875,18.6875,18.71875,11.349838,142813200
18.359375,18.71875,18.316406,18.59375,11.274047,72342800
18.515625,18.828125,18.484375,18.796875,11.397211,45112800
18.734375,19.15625,18.71875,19.125,11.596163,40400400
19.4375,19.75,19.40625,19.734375,11.96565,93195600
19.8125,21.125,19.78125,21.015625,12.742518,151875200
20.8125,21.265625,20.515625,20.8125,12.619349,98472000
20.46875,20.84375,20.3125,20.515625,12.439353,68476800
20.0625,20.34375,19.6875,20,12.126708,83156000
20.1875,20.34375,19.5625,19.828125,12.022499,61831600
19.875,20.125,19.6875,20.03125,12.150249,41810400
20.15625,20.390625,19.84375,20.203125,12.254502,50554000
20.234375,20.625,20.03125,20.53125,12.453535,45786400
20.5625,20.875,20.3125,20.5,12.434572,36578000
20.4375,20.6875,20.390625,20.46875,12.41562,34794800
20.546875,20.5625,20.1875,20.34375,12.339801,32992800
20.359375,20.5625,20.171875,20.25,12.282938,39124400
20.15625,21.046875,20.140625,21.015625,12.747335,68384800
20.96875,21.21875,20.625,20.625,12.510394,47877600
20.609375,21.171875,20.515625,21.140625,12.82316,48472800
21.15625,21.328125,20.9375,21.203125,12.86107,52413200
20.953125,21.359375,20.859375,21.140625,12.82316,56047600
20.796875,20.8125,19.96875,20.078125,12.17868,98584000
20,20.328125,19.59375,19.84375,12.036519,44609200
19.921875,20.171875,19.765625,19.890625,12.064956,36790800
19.8125,19.84375,19.125,19.25,11.676375,69038000
19.078125,19.140625,18.453125,18.53125,11.240398,95151600
18.6875,18.6875,18.484375,18.578125,11.268839,41110800
18.859375,18.96875,18.484375,18.671875,11.325703,51538000
18.375,18.609375,18.21875,18.578125,11.268839,65520000
18.40625,18.71875,18.28125,18.375,11.145632,45670800
18.40625,18.5,17.8125,17.859375,10.832871,77225200
17.28125,17.34375,16.90625,17,10.311599,108380000
17.25,17.359375,17.046875,17.3125,10.501151,72040400
17.53125,17.671875,16.414063,16.484375,9.998843,104560000
16.90625,17.25,16.703125,17.046875,10.340035,82716000
17.296875,17.484375,16.9375,17.453125,10.586451,59046000
17.484375,17.5,16.9375,17.328125,10.510632,70268800
17.296875,17.59375,17.15625,17.546875,10.643315,51892800
17.453125,17.5625,17.078125,17.140625,10.396899,48955600
17.203125,17.34375,17.03125,17.140625,10.396899,43135600
17.109375,17.125,16.484375,17.109375,10.377943,72079600
16.8125,17.1875,16.703125,16.71875,10.141,53234000
16.9375,17.46875,16.78125,17.453125,10.586451,68256000
17.46875,17.734375,17.15625,17.3125,10.501151,69139200
17.28125,17.515625,17.0625,17.421875,10.567494,41916400
17.65625,17.660156,17.1875,17.5,10.614884,68891600
17.46875,18.59375,17.421875,18.46875,11.202492,80072000
18.6875,18.9375,18.578125,18.8125,11.410999,75155200
18.765625,19.375,18.316406,19.34375,11.733241,76740400
19.3125,19.40625,18.78125,18.90625,11.467868,55333600
18.890625,19.28125,18.75,19.09375,11.5816,42892800
19.21875,19.3125,18.6875,18.953125,11.496298,44950000
18.703125,18.84375,18.375,18.53125,11.240398,50669200
18.671875,18.84375,18.109375,18.796875,11.401519,69999600
18.640625,18.78125,18.296875,18.3125,11.107717,40194000
18.140625,18.484375,18.0625,18.371094,11.14326,35581600
18.28125,18.828125,18.140625,18.78125,11.392044,54239600
18.90625,19.578125,18.890625,19.578125,11.875399,87268000
19.390625,20.09375,19.328125,19.9375,12.093387,96395200
19.875,20.125,19.5625,19.9375,12.093387,57320000
19.9375,20.625,19.875,20.59375,12.491444,77118400
20.671875,20.84375,20.09375,20.171875,12.235555,88694000
20.277344,21.25,20.21875,21.0625,12.775769,168073200
21,21.21875,20.75,21.0625,12.775769,67307200
20.96875,20.984375,20.609375,20.78125,12.605171,50119200
20.59375,20.765625,20.390625,20.4375,12.396667,37541600
20.34375,21.203125,20.296875,20.40625,12.37771,79948000
20.15625,20.75,20.15625,20.59375,12.491444,65818400
20.421875,21.234375,20.359375,20.640625,12.519874,85404000
20.6875,21,20.40625,20.765625,12.595691,58984800
20.5625,21.53125,20.4375,21.515625,13.050615,84463600
21.703125,22.0625,21.375,21.40625,12.984277,118007600
21.59375,21.703125,21.109375,21.15625,12.832636,57039600
21.421875,21.9375,21.25,21.90625,13.287562,58014400
21.828125,21.96875,21.0625,21.109375,12.804196,48032800
20.90625,21.53125,20.78125,21.203125,12.86107,55863600
21.34375,21.5,20.40625,20.484375,12.4251,77434000
20.515625,21.144531,20.28125,21.03125,12.761488,91450400
20.75,21.890625,20.75,21.75,13.197611,94552800
21.96875,22.234375,21.59375,21.671875,13.15021,81810000
21.5625,21.9375,21.421875,21.65625,13.140724,49170800
21.0625,21.34375,20.953125,21.140625,12.827859,72920000
21.375,21.5,21.09375,21.40625,12.989035,55206000
21.46875,21.75,21.125,21.3125,12.932143,65314000
21.484375,21.6875,21.390625,21.546875,13.074363,62301600
21.4375,22.4375,21.4375,22.390625,13.586333,95816400
22.359375,23.15625,22.34375,22.859375,13.870772,119604800
22.984375,23.0625,22.3125,22.390625,13.586333,67748800
21.75,22.0625,21.34375,21.5,13.04592,134286800
21.140625,21.421875,20.59375,21.234375,12.884749,116136000
21.296875,21.621094,20.867188,21.15625,12.837339,84328800
21.375,21.46875,20.921875,21.105469,12.80652,52442400
20.671875,21.125,20.546875,20.75,12.590832,52515200
20.34375,20.515625,19.1875,19.9375,12.097815,133454800
19.59375,20.140625,18.9375,19.25,11.680651,94445200
19.21875,19.359375,17.734375,17.796875,10.798911,104269200
17.734375,19.1875,17.4375,19,11.52895,109021200
19.078125,19.484375,18.515625,18.71875,11.358293,84881200
18.765625,19.6875,18.640625,19.1875,11.642726,107758800
19.421875,19.71875,19.03125,19.5625,11.870273,64649200
20.296875,20.5,19.84375,20.476563,12.424911,83092800
20.703125,21.15625,20.28125,20.3125,12.325358,94456000
19.9375,20.15625,19.359375,19.765625,11.993525,76448800
20.8125,21.265625,20.5,21.234375,12.884749,150086000
21.1875,21.640625,21.140625,21.453125,13.017478,67960000
21.25,21.53125,21.140625,21.484375,13.036436,47313200
21.515625,21.703125,20.921875,21.265625,12.903703,45172000
20.71875,21.0625,20.59375,20.75,12.590832,56430800
20.796875,20.875,20.5,20.75,12.590832,50604800
20.3125,21.15625,20.15625,21.15625,12.837339,39437600
21.265625,21.3125,20.84375,20.890625,12.676157,40890800
21.03125,21.765625,20.96875,21.765625,13.207093,67808400
21.6875,22.03125,21.09375,21.328125,12.941631,62723200
21.15625,22.1875,21,22.078125,13.396721,69451200
22.109375,22.25,21.546875,21.75,13.197611,60137200
21.84375,22.15625,21.6875,22.125,13.425163,52740000
21.828125,22,21.40625,21.4375,13.007992,45350000
21.0625,21.359375,20.515625,20.859375,12.657199,61390000
20.703125,21.25,20.3125,20.96875,12.723563,59275600
20.640625,20.921875,19.453125,20.140625,12.221064,78511200
20.640625,20.8125,19.640625,19.90625,12.078853,82609600
19.71875,20.28125,19.625,19.765625,11.993525,82892800
19.203125,20.09375,18.953125,19.609375,11.898713,120596800
19.921875,21.0625,19.84375,20.953125,12.714074,87274400
21.21875,21.46875,21.0625,21.359375,12.960586,62548400
21.125,21.359375,20.484375,20.890625,12.676157,100670000
20.6875,21.0625,20.53125,20.640625,12.52446,110875600
20.578125,21.3125,20.375,21.140625,12.827859,73935600
21.296875,21.375,20.890625,20.9375,12.704603,76712800
20.78125,21.28125,20.65625,21.25,12.89422,59394800
21.4375,21.8125,21.125,21.140625,12.827859,83388000
21.296875,21.78125,21.15625,21.765625,13.207093,57402000
21.546875,21.96875,21.390625,21.84375,13.254501,48283600
21.640625,22.234375,21.59375,21.8125,13.235542,56905200
21.765625,22.265625,21.625,22.234375,13.491525,49700400
22.359375,22.4375,21.8125,21.828125,13.245022,52743200
21.703125,22.375,21.6875,22.304688,13.53419,48941600
22.15625,22.65625,22.140625,22.4375,13.614778,73024000
22.5,22.703125,22.28125,22.296875,13.529449,47807600
22.4375,23,22.390625,22.953125,13.927652,52581200
22.796875,22.953125,22.421875,22.609375,13.719072,51115600
22.90625,23.75,22.765625,23.703125,14.389107,109783600
23.5,23.625,23.3125,23.5,14.265803,58649600
23.453125,23.96875,23.390625,23.859375,14.483964,65113200
23.71875,24.015625,23.359375,24,14.569331,47542000
24.09375,24.875,23.921875,24.390625,14.806456,85904400
25.4375,26.09375,25.40625,25.921875,15.736017,126148400
25.65625,26.265625,25.34375,25.671875,15.584253,72308800
25.34375,26.21875,25.34375,25.9375,15.745497,59891600
26.296875,26.75,26.265625,26.71875,16.21977,49532000
26.5625,27.5,26.40625,27.125,16.466368,58458400
27.09375,27.71875,27.0625,27.46875,16.675051,51899200
27.703125,28.796875,27.6875,28.21875,17.130352,94157600
28.46875,28.53125,27.765625,28.015625,17.007038,67536400
27.96875,28.96875,27.640625,28.390625,17.234669,57492000
28.125,28.5625,27.59375,27.609375,16.760412,46309600
27.75,28.03125,26.9375,27.4375,16.65609,58885200
27.328125,27.5625,27.25,27.5,16.694031,17278400
27.671875,28.058594,26.875,26.90625,16.333584,63109600
26.453125,28.75,26.421875,28.75,17.452847,76924400
28.484375,28.75,27.84375,28.390625,17.234669,64597200
28.390625,29.28125,27.21875,27.375,16.618143,78229200
28.3125,29.078125,28.28125,29.078125,17.652033,70552400
29.15625,29.875,29.09375,29.734375,18.050419,51056000
30.0625,31,29.796875,30.015625,18.221157,99456000
30.3125,30.375,29.578125,29.796875,18.08835,50258800
29.640625,30.03125,28.5625,28.65625,17.395933,61700800
28.625,29.3125,28.375,29.109375,17.671007,54904800
28.625,28.875,27.796875,27.890625,16.931166,61902800
28.21875,29.058594,28,28.984375,17.595116,70154000
29.125,29.25,28.34375,28.53125,17.320051,44630800
28.71875,29.359375,28.6875,29.21875,17.737398,39876800
29.953125,30.140625,29.71875,30,18.21166,63221600
30.125,31,29.984375,30.671875,18.619528,38856400
30.59375,30.6875,29.5625,29.765625,18.069386,46193200
31.25,31.25,30.34375,31.25,18.970478,79884400
31.203125,31.546875,30.890625,31.25,18.970478,17430800
31.421875,31.421875,30.5,30.53125,18.534164,27864400
30.53125,31,30.09375,30.265625,18.372911,40452000
30.125,30.734375,29.765625,29.796875,18.08835,41480400
29.9375,30.15625,29.5625,29.640625,17.993502,29049600
29.984375,30.78125,29.921875,30.203125,18.334967,65404800
30.125,31.28125,30,30.8125,18.704889,65518800
31.46875,32.4375,31.0625,32.375,19.653416,107730400
31.90625,32.75,31.875,32.3125,19.615475,54466400
32.78125,32.875,32.03125,32.421875,19.681877,43911200
33.453125,35.34375,32.71875,34.9375,21.209011,105812800
35.5625,35.625,33.625,33.890625,20.573475,103578000
32.828125,35.53125,32.75,34.75,21.095181,118809200
35,35,33.375,33.4375,20.298412,82390800
33.5625,34.1875,33.5,33.84375,20.545033,63951200
34.359375,34.90625,33.75,34.84375,21.152084,43302400
35.21875,35.921875,34.40625,34.5625,20.981352,61501200
34.25,34.40625,33.0625,33.375,20.260479,63926400
32.6875,33.1875,32.125,32.21875,19.558567,87440800
32.46875,32.8125,31.640625,32.65625,19.824148,59519200
33.21875,34.25,32.90625,34.234375,20.782162,68130000
34.15625,34.375,33.15625,33.1875,20.146658,57336000
34.28125,34.65625,33.75,34.296875,20.820105,83802000
34.46875,35.28125,34.09375,35.234375,21.389215,57248400
35.171875,35.171875,34.25,34.46875,20.924446,52246000
34.5,34.515625,33.1875,33.65625,20.431211,59669200
33.375,34.75,33.203125,34.671875,21.054003,57020000
34.1875,34.25,32.5,32.53125,19.754139,86413200
32.9375,33.125,30.671875,31.890625,19.365129,135059600
32.46875,33.40625,31.84375,33,20.038786,69630800
32.890625,33.140625,31.1875,31.328125,19.023561,80440000
31.359375,32.40625,31.015625,32.203125,19.55489,67522400
32.40625,33.390625,31.953125,33.3125,20.228544,54106800
32.8125,32.8125,31.4375,31.625,19.203835,73194800
32.296875,32.625,31.28125,31.59375,19.184866,59492800
30.984375,32.109375,30.90625,31.15625,18.919193,81443200
31.5,32.46875,31.1875,32.03125,19.450523,71698800
32.09375,32.65625,31.84375,32.015625,19.441036,50430400
31.9375,33.21875,31.34375,33.203125,20.162128,60588800
33.0625,34.375,32.875,33.5625,20.380352,73702800
33.484375,34.21875,32.5625,32.59375,19.792093,65650400
32.25,32.5,31.265625,31.9375,19.393597,79470000
30.96875,31,29.71875,29.984375,18.207594,167201200
29.703125,29.75,28.671875,29.265625,17.771141,128595600
28.90625,28.953125,27.390625,27.453125,16.670521,134460000
28.21875,28.75,27.5,28.671875,17.410597,136544000
28.953125,29.46875,27.59375,28.34375,17.211344,105008400
29.0625,29.28125,28.0625,28.65625,17.401106,87876400
29.4375,30.011719,29.25,29.90625,18.160149,73882400
29.796875,30.046875,28.6875,28.828125,17.505472,90112800
29.234375,29.59375,28.8125,29.21875,17.74267,80239200
29.484375,29.84375,29.03125,29.53125,17.93243,60116000
29.71875,29.96875,29.25,29.5625,17.951408,68498000
29.71875,29.71875,29.1875,29.46875,17.894476,44557200
29.609375,30.625,29.46875,30.09375,18.274006,84968800
30.1875,30.59375,29.90625,30.125,18.29298,58679200
30.453125,30.75,30.15625,30.453125,18.492228,54057600
30.984375,31.09375,29.726563,29.75,18.065264,71022800
29.78125,29.8125,28.75,28.78125,17.477009,49174000
28.890625,29.25,28.4375,28.640625,17.391619,66840000
28.6875,29.859375,28.5625,29.8125,18.103216,64180000
30.046875,30.078125,29.1875,29.484375,17.903971,60403200
29.5,30.28125,29.15625,29.171875,17.714218,53682400
29.390625,30.40625,29.03125,30.390625,18.454281,44410400
30.171875,30.75,30.15625,30.390625,18.454281,50729200
30.46875,30.875,29.6875,29.71875,18.046289,38569200
29.984375,30.34375,29.71875,30.21875,18.349911,32888800
30.46875,31.875,30.4375,31.875,19.355637,56909600
31.6875,32.796875,31.5,32.609375,19.801584,70669200
32.859375,33.375,32.125,33.03125,20.057764,65404400
33,33.34375,32.109375,32.765625,19.896463,54526400
33.09375,33.171875,32.515625,32.703125,19.858517,44679200
30.8125,31.234375,30,30.625,18.596598,83342600
31.46875,31.5,29.90625,30.25,18.368891,71036800
30.6875,30.75,28.125,28.5,17.306217,104478400
29.25,29.3125,28.25,29.21875,17.74267,63876800
28.9375,29.1875,28.226563,28.625,17.382126,34904400
28.5625,29.5,27.5,27.75,16.850796,64349400
28.125,28.5,27.75,28.28125,17.173386,39453400
28.78125,29.75,28.0625,29.21875,17.74267,43047400
30,30.8125,29.75,30.75,18.672499,56996800
30.96875,31.75,30.5,30.875,18.748411,44717000
31.34375,32.3125,31.25,32.21875,19.564373,37821600
32.03125,32.40625,31.03125,31.125,18.900215,36775400
31.21875,31.6875,30.4375,30.59375,18.57762,29094000
30.75,30.8125,29.9375,30.40625,18.463764,29336200
30.78125,31.125,29.65625,30.59375,18.57762,28045000
30.59375,31.5625,30.46875,31.5625,19.16588,29665000
31.40625,31.96875,30.78125,30.84375,18.729427,29221200
30.84375,32.5,30.3125,32,19.44101,35256800
31.75,31.96875,29.25,29.84375,18.13101,58030600
30.34375,30.84375,29.8125,30.46875,18.510723,38797800
30.5625,30.90625,30.0625,30.3125,18.415798,21220200
30.59375,31.3125,30.34375,31.15625,18.928392,28584200
31.09375,31.5,30.3125,31.25,18.985355,23681000
31.46875,31.5,30,30.03125,18.244928,27664200
29.6875,29.8125,28.71875,29,17.618408,45267200
28.78125,29.75,28.59375,29.71875,18.055063,30004600
29.90625,29.9375,29.03125,29.46875,17.903187,32767400
29.53125,29.90625,28.875,29.84375,18.13101,34605800
29.96875,30.0625,28.8125,28.84375,17.523481,42619000
28.859375,28.9375,28.21875,28.5,17.314636,39350400
28.625,28.625,27.75,27.96875,16.99189,35671000
28.15625,28.15625,26.375,26.4375,16.061602,66201200
26.875,26.875,25.5,25.84375,15.700885,73240000
26.125,27.1875,25.875,26.5625,16.137545,55010800
26.8125,27.09375,26.25,27.03125,16.422333,34955400
26.90625,26.9375,25.0625,25.34375,15.397117,57058600
25.75,26.179688,25.1875,25.96875,15.776826,57670600
26.25,26.3125,25.15625,25.25,15.340162,49020400
25.78125,26.65625,25.6875,26.59375,16.156532,50203800
26.96875,27.25,26.5625,26.71875,16.232481,37754200
26.625,26.9375,25.75,25.84375,15.700885,32770200
26.3125,26.84375,26,26.5625,16.137545,44114800
26.75,27.71875,26.6875,27.6875,16.821018,61884400
28.0625,28.34375,27.125,27.21875,16.536245,45783200
27.40625,27.75,27,27.1875,16.51726,24989400
27.375,28.0625,27.34375,27.84375,16.915956,27586800
28.75,29.875,28.625,29.84375,18.13101,61416000
28.625,29.203125,28.4375,29,17.618408,46763200
27.9375,28.0625,27.1875,27.46875,16.688129,80073000
27.875,28.53125,27.71875,28.40625,17.257677,31147400
27.875,28.5625,27.53125,27.84375,16.915956,32863600
27.9375,28.5,27.75,28.28125,17.18174,22939200
28.1875,28.21875,27.5,27.53125,16.726097,26697400
27.75,28.15625,27.4375,27.65625,16.802034,23760600
27.78125,28.5,27.65625,28.5,17.314636,23692000
28.5,29.625,28.34375,29.625,17.998112,43264600
29.59375,29.9375,28.28125,29.75,18.074053,38437200
29.875,31.59375,29.625,31.4375,19.099253,61648600
31.40625,32,31.375,31.75,19.28911,37455600
32.4375,32.875,31.84375,31.9375,19.403028,57441400
32.09375,32.40625,31.6875,32.1875,19.554913,34634200
31.90625,32.9375,31.8125,32.875,19.972586,37003000
32.8125,33.179688,32.1875,33.125,20.124475,35534000
33.1875,33.34375,32.5,32.71875,19.877661,41699000
32.4375,33.0625,32.25,32.6875,19.858679,46768600
33.4375,34.03125,32.804688,34,20.656061,89826200
34.25,34.34375,33.625,33.84375,20.561138,47663000
34,34.0625,33.5,33.5625,20.390276,32286600
33.5625,34,33.5,33.78125,20.523165,33173000
33.59375,33.59375,32.3125,32.46875,19.725777,42724000
32.59375,33,32.28125,32.78125,19.915627,28579200
32.5625,32.75,31.875,31.9375,19.403028,29924600
32.15625,32.5,31.5625,32.09375,19.497959,27393200
31.4375,32.59375,31.375,31.4375,19.099253,35694200
32.3125,34.0625,32.28125,33.78125,20.523165,77952200
33.71875,35.40625,33.5,35.15625,21.358524,83384400
34.40625,35.507813,34.125,34.75,21.111717,72512000
35.0625,35.875,34.5,34.5,20.959831,58118000
34.9375,36.65625,34.75,35.65625,21.662287,77483200
36.15625,36.78125,35.25,36.46875,22.155897,75450600
36.46875,37.15625,36.3125,36.40625,22.127028,53272800
35.96875,36.25,34.75,35.71875,21.709196,59293200
35.375,36.65625,35.25,35.78125,21.747177,42893200
35.9375,37.21875,35.3125,36.71875,22.316978,54494600
36.46875,37.21875,35.78125,35.875,21.80414,67205200
36.96875,38.125,36.78125,38,23.095695,80989400
37.71875,38.375,37.53125,37.96875,23.076696,48030000
38.46875,39.90625,38.46875,39.875,24.235277,46873400
39.625,39.71875,38.8125,39.28125,23.874413,35343600
39.65625,39.75,38.75,39.5,24.007366,32726200
39.21875,39.90625,39.03125,39.25,23.855415,32524600
38.75,39.15625,38.40625,38.65625,23.494545,32120600
38.96875,40.03125,38.5,39.96875,24.292259,35718000
40.25,41.5,39.96875,41.46875,25.203932,49839000
41.15625,42.25,41.125,41.5625,25.260918,61735000
41.375,42.1875,40.6875,41.84375,25.431845,48070800
41.71875,41.9375,40.4375,40.53125,24.634136,43461800
41.1875,41.75,40.90625,41.5,25.222925,40881200
41.53125,42.0625,40.5625,41.125,24.995014,34043600
41.15625,41.75,40.15625,41.09375,24.976013,43185000
41.84375,42.5625,41.59375,41.71875,25.355869,53947000
41.125,43,41,42.65625,25.925669,50979600
43.53125,44.75,43.5,44.65625,27.141241,48828400
44.5,44.679688,43.625,43.8125,26.62842,39605600
43.5,44.3125,42.78125,42.96875,26.115593,44545800
43.15625,43.90625,42.75,43.875,26.666416,39662000
43.90625,43.9375,42.9375,43.6875,26.552446,32576600
43.28125,43.8125,42.03125,42.1875,25.640766,36046600
42.1875,42.9375,42.03125,42.90625,26.07761,36912800
43.3125,43.3125,41.375,41.5,25.222925,46949000
41.1875,41.71875,40.1875,41.3125,25.108963,56585200
41.28125,42.4375,41.09375,42.3125,25.716747,51575200
42.34375,42.8125,41.78125,42.03125,25.545809,20707200
41.875,41.875,40.96875,41,24.919033,38608600
41.15625,41.84375,40.6875,41.40625,25.16596,42055400
41.5625,41.59375,38.25,38.75,23.551517,73686000
37.59375,38.0625,36.3125,37.835938,22.99597,124564000
38.34375,39.875,37.875,39.09375,23.760447,71235400
39,39.125,37.625,38.75,23.551517,50034400
38.75,38.96875,37.4375,37.59375,22.848778,46331800
37.59375,38.125,36.6875,37.15625,22.582878,46111600
37.125,37.75,36.78125,37.46875,22.772806,37753600
37.09375,38.65625,36.8125,38.5,23.399582,41334800
38.8125,39.09375,37.5,38.09375,23.152668,39542200
38.4375,39.03125,38.0625,38.46875,23.380583,36667600
38.40625,38.90625,37.34375,37.8125,22.981728,35291000
37.9375,38.40625,37.40625,37.84375,23.000721,36361800
38.09375,38.84375,38.03125,38.25,23.247635,24459000
39.15625,39.90625,37.875,38.34375,23.304609,88521800
36.3125,37.007813,35.6875,36.0625,21.918119,120722000
36.195313,36.75,35.25,36.671875,22.288481,51861200
36.0625,36.65625,35.40625,35.4375,21.538254,48653200
35.28125,35.5,33.53125,34.6875,21.082403,58185800
34.8125,34.875,32.5,32.5625,19.790874,84401400
33.75,35,33.53125,34.96875,21.253357,65099000
34.21875,36.125,33.9375,35.84375,21.785168,53021200
36.4375,37.1875,36.21875,36.71875,22.316978,61746200
36.5,36.5625,35.40625,35.625,21.652206,35013800
37.125,37.3125,35.625,35.71875,21.709196,56708600
35.34375,35.375,33.96875,34.71875,21.101406,72186600
35.5625,36.125,35.0625,36.09375,21.937113,73409000
37.96875,39.03125,37.84375,38.71875,23.532526,84593000
38.8125,39.15625,37.96875,38,23.095695,45868200
38.53125,39.09375,38.28125,38.75,23.551517,40676400
39.1875,40.34375,38.875,39.875,24.244665,50480200
40.21875,40.875,40.09375,40.78125,24.795675,43687000
41.1875,41.9375,40.90625,41.1875,25.042683,39674400
40.78125,41.5625,40.375,41.0625,24.966679,26942400
41.125,41.125,39.6875,40.03125,24.339661,33702800
39.5,40.75,39.125,39.5,24.016665,34175200
39.90625,40.21875,39.0625,39.71875,24.149658,32186200
39.5625,39.6875,37.25,38.09375,23.161633,87515200
38.09375,38.117188,37,37.03125,22.515629,39333800
37.25,38.5,36.8125,38.28125,23.275639,55737400
38.53125,39.375,37.25,37.375,22.724619,47086400
37.84375,39.25,37.820313,39.25,23.864658,37706400
39,40.1875,38.875,39.9375,24.282671,46497200
40.4375,40.6875,39.4375,40.25,24.472673,36870800
40.328125,40.75,39,39.5,24.016665,41043600
39.96875,41.125,39.5625,41.09375,24.985691,33626800
41,41.125,40.09375,40.125,24.396667,14182200
40.125,40.15625,39.125,39.46875,23.997656,32651200
39.21875,39.84375,38.28125,38.34375,23.313629,34865800
38.03125,38.78125,37.5,38.15625,23.199633,45556600
37.8125,39.0625,37.75,38.78125,23.579647,31118400
39.5,40,39.25,39.34375,23.921654,36542200
39.40625,39.6875,38.59375,38.9375,23.67465,28640000
39.125,39.21875,38.15625,38.59375,23.465631,33654200
38.21875,38.75,37,37.25,22.648615,52680200
37.8125,37.8125,36.0625,36.625,22.26861,53826600
36.75,37,35.8125,36.125,21.964607,56234800
35.625,37.59375,35.28125,37.03125,22.515629,47804800
37.3125,37.5,36.1875,36.21875,22.021605,41743400
36.101563,39.617188,36.0625,39.46875,23.997656,82046800
39.875,40.5625,39.6875,40.125,24.396667,50160200
40.6875,41.5,40.25,41.03125,24.947685,69469600
41.4375,41.59375,39.5625,40.53125,24.643669,36251400
40.28125,41.625,40,41.4375,25.194693,34670400
41.53125,41.8125,40.8125,41.25,25.080688,24926600
41.6875,41.96875,41.25,41.5625,25.270697,21641600
41.71875,42.5625,41.3125,42.53125,25.859713,28611000
42.21875,42.75,41.4375,41.5,25.232693,23457400
41.3125,42.4375,41.21875,41.9375,25.498697,16024200
42.15625,42.6875,41.375,41.84375,25.441698,14885400
41.90625,41.9375,40.96875,41.15625,25.023689,11572000
41.632813,43.6875,41.625,43.5,26.448725,57710200
42.71875,43.9375,41.125,41.46875,25.213688,51019600
41.5,42.9375,40.25,41.8125,25.422695,52389000
40.875,41.6875,39.09375,39.375,23.940649,55171200
38.75,41,38.6875,41,24.928675,41096400
42.875,43.625,42.0625,42.875,26.068705,53619800
44.28125,46.1875,44.140625,44.84375,27.265751,105481800
45.4375,47.375,44.625,45.625,27.740772,97326600
46.34375,46.5,44.65625,45.53125,27.683752,76104200
49.25,53.3125,49.125,51.53125,31.331848,184405200
50.148438,52.875,50.125,51.0625,31.046841,102100600
50.5,51.0625,49.9375,50.03125,30.419825,45568000
49.875,50.40625,47.71875,47.8125,29.070786,70002000
48,49.125,47.8125,48.96875,29.773811,55558200
51.117188,52.4375,49.125,49.40625,30.039827,74832600
49.6875,50.90625,48.71875,50.78125,30.875851,51382600
50.375,50.59375,48.1875,48.25,29.336798,49306200
49.6875,50.5625,47.75,49.0625,29.830811,61482000
48.625,49.375,46.53125,47,28.576775,53922800
46.8125,49.53125,46.4375,49.46875,30.077816,68453200
49.1875,50.75,48.3125,50.71875,30.837828,48051400
50.5,51.46875,49.84375,50.03125,30.419825,52080600
50.84375,52.3125,50.375,52.09375,31.683363,56126000
52.1875,54.125,52.125,52.375,31.854427,55953800
52.46875,54.0625,52.0625,53.96875,32.823746,42810000
54.40625,55.03125,54,54.40625,33.089828,38026000
54.0625,54.4375,52.25,52.3125,31.816423,38615200
52.1875,54.0625,51.59375,53.8125,32.728722,43539200
53.625,54.375,52.625,52.9375,32.196533,37756000
53.15625,54.96875,52.820313,54.9375,33.412941,34374200
54.96875,56.4375,52.625,56,34.059135,62771400
55.6875,56.4375,53.5,53.59375,32.595654,46050000
54.4375,56.1875,53.9375,55,33.450951,48669600
55,55.25,52.59375,52.6875,32.044479,50370000
52.4375,53.40625,50.78125,53.375,32.462612,45793600
52.65625,55.5625,52.15625,54.53125,33.165855,40842000
56.21875,58.25,55.125,57.125,34.743366,85347800
56.9375,57.6875,56.40625,56.625,34.43927,46299000
55.8125,57.28125,54.125,56.1875,34.173187,47422200
56.59375,57.8125,55.65625,56.5,34.363251,44414200
56.4375,58.4375,56.25,57.9375,35.23753,40813000
57.6875,58.53125,57.0625,57.875,35.199516,36469800
58.5,59.875,57.8125,59.625,36.263874,34285000
59,59.4375,58.34375,58.6875,35.693665,28032000
58.90625,60,57.59375,57.875,35.199516,39924200
58.0625,58.21875,56.125,57.46875,34.952423,46391200
56.84375,59.25,56,59.1875,35.997768,38375800
58.9375,60.3125,58.6875,60.09375,36.548965,43497600
59.40625,62.75,59.375,61.0625,37.138149,67439200
62.125,62.8125,58.90625,58.9375,35.845726,56785000
59.53125,61.5625,59.34375,60.09375,36.548965,48895600
61.625,62.6875,59.8125,62.53125,38.031437,54972800
62.15625,65,62,64.9375,39.494926,60851000
64.96875,68.6875,64.96875,67.5,41.053436,65163600
67.5,69.4375,67.0625,69.21875,42.098797,51231000
70.1875,72.6875,69.75,72.03125,43.809341,53693200
71.1875,71.84375,69.71875,71.3125,43.372189,45593800
70.0625,72.25,68.8125,69.53125,42.288841,46898000
69.8125,71.875,69.53125,71.34375,43.391209,35766200
70.3125,71.28125,67.5625,67.84375,41.262493,44857800
68.25,68.84375,65.75,65.9375,40.103134,61325400
64.875,66.6875,61.53125,63.5,38.620632,71646800
64.8125,67.4375,64.125,65.96875,40.122116,58442200
65.6875,66.5,62.875,65.3125,39.723003,50071600
65.75,67,59.5,66.375,40.369209,87341800
64.9375,67,63.875,64.9375,39.494926,62101800
64.625,65.8125,63.5,64.90625,39.475906,55134000
65.6875,68.5,65.65625,68.40625,41.604614,51357200
68.75,69.53125,65.4375,65.5625,39.875034,44849000
65,67.125,63.742188,65.375,39.761002,53071200
64.96875,65.9375,60.875,60.9375,37.06213,60169600
61.6875,64.625,60.375,60.5625,36.834045,69414600
59.59375,60.375,54.1875,55.25,33.602997,92800400
55,61.625,54.78125,61.5,37.404236,88873400
63.3125,65.5,62.625,64.5,39.22884,98558000
62.804688,62.875,59.46875,59.53125,36.206829,87377800
58.96875,59.6875,57.5,57.6875,35.085487,45799000
55.5,58.25,55.1875,58.0625,35.31356,58320200
59.867188,62.625,59.75,62.5,38.012424,51342400
62.125,62.5,60.3125,60.40625,36.739033,47572000
58.78125,63.28125,58.5,62.65625,38.107456,61088400
64,64.53125,62.9375,63.40625,38.563625,44336400
63.96875,65.5,63.125,63.5625,38.658642,42389800
62.9375,63.8125,60.4375,60.59375,36.85305,43871400
60.0625,60.3125,57.9375,59.53125,36.215794,58988600
59.375,60.3125,58.53125,59.78125,36.367905,40984800
59.5,61.9375,59.5,61.6875,37.527569,34217400
61.125,61.34375,58.75,58.8125,35.778557,40937800
59.1875,59.625,57.5,58.46875,35.569439,43054000
57.25,58.25,52.5625,53.03125,32.261547,97225600
53.5625,58,53.1875,57.78125,35.151192,70267600
58.3125,59.75,57.375,57.5,34.980118,38429400
57.28125,59.125,56.375,59.0625,35.930637,41105400
59.875,61.4375,59.34375,60.9375,37.071308,44468400
61.1875,62.71875,60.1875,61.59375,37.470524,65543200
61.9375,63.25,61.5625,61.96875,37.698662,50141400
60.9375,61.8125,58.15625,58.9375,35.854607,71968000
58.75,59.28125,55.6875,59.1875,36.006683,59249600
58.875,59.9375,54.90625,54.9375,33.421211,50385800
54.8125,59.085938,54.75,58.6875,35.702511,75482200
59.34375,61.125,56.78125,57.59375,35.037117,50488800
57.5,59.9375,57.1875,58.78125,35.759548,30851000
59.625,62.9375,59.5625,62.875,38.249981,41768000
63.125,63.96875,62.25,62.34375,37.926781,54089600
63.09375,65,63.0625,64.84375,39.447666,45978400
66.40625,67.28125,66,67.09375,40.816441,42657400
66.3125,67.5,65.59375,66.28125,40.322186,39176000
65.65625,67.53125,64.75,64.78125,39.409637,47425200
64.625,64.6875,62.84375,64.46875,39.219551,39753400
64.8125,65.75,63,63.09375,38.38306,34394000
63.96875,64,62.75,63.53125,38.649204,27519200
63.90625,64,62.3125,62.53125,38.040852,25947000
62.25,65.929688,62.0625,65.75,39.998978,39126600
65.4375,65.65625,63,63.21875,38.459099,37008800
63.367188,65.03125,63.25,64.125,39.010414,33411000
64.625,64.84375,62.9375,63.03125,38.345039,44086200
64.21875,68.34375,64.1875,68.25,41.519852,61221200
67.96875,70.125,67.96875,69.15625,42.071186,58579400
68.1875,69.625,68,69.5,42.2803,32891400
69,69.1875,67,67.03125,40.778454,29696200
67.625,68.75,67.0625,67.1875,40.873482,30321600
67.90625,68.601563,66.3125,67.09375,40.816441,29904800
66.96875,68.25,65.625,65.6875,39.960968,33370400
65.96875,67.84375,65.5,66.1875,40.265129,30631800
65.53125,67.1875,65.25,65.875,40.075027,47136200
65.4375,67.0625,64.8125,66.84375,40.664379,41431200
67.0625,68.4375,66.859375,68.4375,41.633926,15083800
66.5625,67.25,65.6875,65.8125,40.037014,42005200
65.75,68.40625,65.28125,68.3125,41.55788,44906200
68.875,69.9375,68.0625,69.65625,42.375355,37286800
68.875,70,68.5,68.90625,41.91909,31349400
69.125,70.625,68.5625,69.40625,42.223267,42782000
70.125,71.125,69.375,70.59375,42.945667,29824200
70.1875,72.5,70.125,71.59375,43.55402,45176000
72,73.53125,71.53125,73.34375,44.618645,37471800
73.3125,73.75,72.1875,73.15625,44.504581,46580000
72.40625,72.414063,70.71875,71.5,43.496994,50683600
72.46875,73.0625,69,69.0625,42.014137,72188400
69.46875,71.625,68.9375,71.34375,43.401951,60488400
71.0625,71.125,69.03125,69.09375,42.033142,32086600
69.09375,71,68.8125,69,41.976124,39835400
69.367188,70.96875,68.84375,70.4375,42.850628,29623200
69.5,70.0625,68.28125,69.5,42.2803,46639800
69.25,70.1875,68,68.5,41.671951,39223800
69,69.6875,64.375,64.5625,39.276566,55433800
65.4375,67.5625,64.5,66.75,40.607334,30470700
67.0625,67.375,64.25,64.625,39.314583,25001100
65.25,66.125,63.1875,63.3125,38.516132,33226800
61.8125,65.375,60.4375,65.0625,39.593246,34941100
66.21875,66.25,61.4375,62.5625,38.071888,34939700
62.625,64.375,61.125,62.9375,38.300098,30634400
62.75,63.375,61.5,61.625,37.501369,24900100
62.875,64.875,62.84375,63.5625,38.680431,30071900
63.1875,64.8125,62,62,37.729599,16678400
61.875,64.125,60.8125,63.8125,38.832577,22509600
64.4375,67,63.625,66.9375,40.734261,25665000
66.8125,68.75,66,67.875,41.304783,34464300
68.625,69.5,67.5625,68.0625,41.418884,24609500
68.5,71.5,68.4375,70.0625,42.635952,40495900
71,72.9375,70.25,70.5625,42.940231,35795600
72.671875,74.0625,70.5625,72.0625,43.853035,46024300
72.46875,73.625,72.125,72.125,43.891094,31693500
71.4375,74.875,70.6875,74.625,45.412441,36177000
74.5625,75.828125,73,74.25,45.184231,23352900
73.875,74.4375,72.625,72.9375,44.385521,20844200
73.25,75.8125,73,73.875,44.956024,42760500
73.3125,74.9375,73.125,74.0625,45.070145,23023100
73.75,74.375,72.75,73.5,44.727818,21770400
73.875,75.625,73.625,74.875,45.56456,28530700
75.625,75.6875,73.4375,73.9375,44.994057,18322000
71.0625,71.375,68.25,69.25,42.141521,58396000
68.0625,68.5,65,65.703125,39.983109,62344900
66.609375,68.6875,66.25,67.4375,41.038528,34716000
67.1875,67.4375,64.9375,65.375,39.783409,29681800
65.5625,66.875,63.9375,64.6875,39.365051,30507800
65.0625,66.9375,64.5625,64.9375,39.517185,28997300
61.6875,63.3125,60.5,61.25,37.273186,70068400
62.5,62.875,59.25,59.625,36.284309,50489200
59.6875,59.875,56.625,57.515625,35.000668,75675900
58.375,59.25,55.5,55.8125,33.964249,50767100
57.1875,60.5,56.8125,60.375,36.740707,58855100
61.25,63.5,60.4375,63.0625,38.376163,70335900
62.0625,62.9375,60.375,61.484375,37.41581,57112300
46.75,49.5,46.5,47.9375,29.171972,308734400
50.0625,50.203125,44.75,45.375,27.612581,130214700
46.4375,46.5,42.8125,43.3125,26.357464,112681600
44.625,45.6875,43.4375,43.875,26.699766,80365100
44.125,44.5625,43.484375,44.4375,27.042076,66739000
43.8125,43.875,41.375,41.5625,25.292515,72985600
42.9375,42.9375,39.875,40.125,24.41774,66785700
41.765625,42.5,40.125,40.3125,24.531845,81206500
41,42.75,40.75,42,25.558764,63726000
42.125,42.375,40.5,41,24.950209,52072400
41.375,42.25,39.25,39.9375,24.303642,69734600
40.4375,40.53125,38,39.0625,23.771166,56544700
39.1875,40.1875,37.4375,37.5625,22.858345,68882800
37,38.125,35,35.375,21.527168,122056600
37.125,38.5,35,37.125,22.592115,100212800
37.109375,40.75,36.9375,40.375,24.569864,80908800
39.125,39.1875,35.375,35.6875,21.71734,92057900
36.375,36.625,35,36.1875,22.02161,78642100
36.25,39.8125,35.25,38.1875,23.238695,16790000
42.015625,42.3125,40.875,41.9375,25.520723,64250700
41.625,44.375,41.375,43.0625,26.205332,59899600
43.6875,45,42.375,43.3125,26.357464,43746200
43.625,44.5,41.625,42,25.558764,46937000
42,43.5625,41.140625,41.3125,25.140387,53225900
42,45,41.6875,44.6875,27.19422,50811900
45.875,47,44.84375,46.375,28.221136,50197800
45.953125,46.125,43.875,45,27.384382,49111200
45.6875,46.9375,44.6875,45,27.384382,55793900
44.3125,46.5625,44.1875,44.875,27.308319,47654600
46.5,47.875,46.375,46.6875,28.411306,65511800
47.125,47.25,45.5,45.9375,27.966869,31103600
46.625,47.375,46.375,46.5625,28.34737,24583500
46.75,46.8125,45.3125,46.1875,28.119074,21043200
46.25,46.3125,42.4375,42.6875,25.988262,38074100
42.3125,42.375,39.9375,41.375,25.189199,48864700
38,39,37,37,22.525692,94080100
37,39.75,36,38.1875,23.248655,81393300
40.5,41.25,39.4375,40.9375,24.922861,48677100
41.6875,42.875,40.75,41.5,25.265308,41961500
41.25,42.9375,39.765625,40,24.3521,39523700
40.125,41.75,39.5,41.5,25.265308,40986100
41,42.9375,40.625,41.125,25.03701,37495900
42.4375,43.375,41.4375,42.625,25.950224,36760300
42.25,43.875,41.0625,41.1875,25.075045,36702700
42.8125,44,42,43.9375,26.749262,20684000
45.4375,46.75,43.75,43.9375,26.749262,52923300
43.1875,44.625,42,42.03125,25.588737,49700800
42.375,43.5,40.9375,42.75,26.026312,61411300
38.5,38.9375,36.8125,38.0625,23.172554,78955300
38.5,38.5,33.8125,34.125,20.775394,1155400
35.125,35.34375,32.0625,32.9375,20.052435,82755800
34.625,36.5,34,36,21.916899,75071400
35.3125,35.3125,31.25,31.75,19.329481,102012000
32.4375,33.25,31.4375,32.3125,19.671934,68263600
34.75,34.875,33,34,20.699286,88021400
35.125,38.1875,34.3125,37.4375,22.79204,73069600
36.9375,37.921875,36.375,36.5,22.221291,48167200
37.75,37.875,35.1875,35.5,21.612494,48719800
35.5625,36.625,34.5,35.125,21.384184,33708000
34.5625,34.75,32.3125,32.4375,19.748034,80843900
34.1875,34.5,32.421875,33.25,20.242691,38556100
33.75,36.25,33.3125,33.4375,20.356834,54732300
32.9375,34.125,31.5,31.9375,19.443632,63150800
32,34.453125,31.625,33.125,20.166586,51590000
33.625,35,32,32.9375,20.052435,45424100
33.125,33.875,32,32.875,20.014385,28436200
32.6875,33.6875,32.3125,32.5625,19.824133,33621500
32.125,32.6875,30.0625,30.9375,18.834833,49339500
30.9375,31.4375,29.8125,30.0625,18.302128,54053600
